"DESCRIPTION","DURATION IN MS","NAME","PARENT SUITE","START TIME","STATUS","STOP TIME","SUB SUITE","SUITE","TEST CLASS","TEST METHOD"
"","562","test_delete_todo","tests","2026-02-03","passed","2026-02-03","","test_todos","",""
"","4013","test_get_users_api_failure","tests","2026-01-29","passed","2026-01-29","","test_users","",""
"","574","test_patch_user","tests","2026-02-03","passed","2026-02-03","","test_users","",""
"","557","test_patch_post_negative","tests","2026-02-03","passed","2026-02-03","","test_posts","",""
"","576","test_patch_user_invalid_id","tests","2026-02-03","passed","2026-02-03","","test_users","",""
"","1669","test_update_comment_negative","tests","2026-02-03","passed","2026-02-03","","test_comments","",""
"","573","test_create_user_missing_fields","tests","2026-02-03","passed","2026-02-03","","test_users","",""
"","687","test_patch_comment","tests","2026-02-03","passed","2026-02-03","","test_comments","",""
"","1524","test_get_user_by_id_validations","tests","2026-02-03","passed","2026-02-03","","test_users","",""
"","552","test_create_user","tests","2026-02-03","passed","2026-02-03","","test_users","",""
"","1408","test_create_comment_negative","tests","2026-02-03","passed","2026-02-03","","test_comments","",""
"","433","test_get_post_by_id_parametrized[4]","tests","2026-02-03","passed","2026-02-03","","test_posts","",""
"","357","test_completed_vs_pending_task_analysis","tests","2026-02-03","passed","2026-02-03","","test_todos","",""
"","338","test_get_post_by_id_parametrized[6]","tests","2026-02-03","passed","2026-02-03","","test_posts","",""
"","485","test_get_post_by_id_parametrized[1]","tests","2026-02-03","passed","2026-02-03","","test_posts","",""
"","14651","test_get_post_by_id_validations","tests","2026-02-03","passed","2026-02-03","","test_posts","",""
"","993","test_update_user","tests","2026-02-03","passed","2026-02-03","","test_users","",""
"","1071","test_create_comment","tests","2026-02-03","passed","2026-02-03","","test_comments","",""
"","513","test_create_todo_missing_fields","tests","2026-02-03","passed","2026-02-03","","test_todos","",""
"","1123","test_patch_comment_negative","tests","2026-02-03","passed","2026-02-03","","test_comments","",""
"","576","test_delete_user_invalid_id","tests","2026-02-03","passed","2026-02-03","","test_users","",""
"","1013","test_update_comment","tests","2026-02-03","passed","2026-02-03","","test_comments","",""
"","463","test_get_post_by_id_parametrized[3]","tests","2026-02-03","passed","2026-02-03","","test_posts","",""
"","2057","test_get_posts_by_userid_validations","tests","2026-02-03","passed","2026-02-03","","test_posts","",""
"","709","test_comment_post_relationship","tests","2026-02-03","passed","2026-02-03","","test_comments","",""
"","1671","test_update_post_negative","tests","2026-02-03","passed","2026-02-03","","test_posts","",""
"","1027","test_update_user_invalid_id","tests","2026-02-03","passed","2026-02-03","","test_users","",""
"","1227","test_create_post_negative","tests","2026-02-03","passed","2026-02-03","","test_posts","",""
"","1000","test_update_todo","tests","2026-02-03","passed","2026-02-03","","test_todos","",""
"","342","test_get_user_by_id_parametrized[3]","tests","2026-02-03","passed","2026-02-03","","test_users","",""
"","759","test_get_todos_contract","tests","2026-02-03","passed","2026-02-03","","test_todos","",""
"","14813","test_get_comments_by_postid_validations","tests","2026-02-03","passed","2026-02-03","","test_comments","",""
"","350","test_get_user_by_id_parametrized[5]","tests","2026-02-03","passed","2026-02-03","","test_users","",""
"","364","test_get_user_by_id_parametrized[10]","tests","2026-02-03","passed","2026-02-03","","test_users","",""
"","975","test_delete_comment","tests","2026-02-03","passed","2026-02-03","","test_comments","",""
"","347","test_get_user_by_id_parametrized[4]","tests","2026-02-03","passed","2026-02-03","","test_users","",""
"","1161","test_get_comments_contract","tests","2026-02-03","passed","2026-02-03","","test_comments","",""
"","323","test_get_post_by_id_parametrized[5]","tests","2026-02-03","passed","2026-02-03","","test_posts","",""
"","534","test_delete_comment_negative","tests","2026-02-03","passed","2026-02-03","","test_comments","",""
"","586","test_get_albums_contract","tests","2026-02-03","passed","2026-02-03","","test_albums","",""
"","430","test_get_post_by_id_parametrized[2]","tests","2026-02-03","passed","2026-02-03","","test_posts","",""
"","350","test_get_user_by_id_parametrized[7]","tests","2026-02-03","passed","2026-02-03","","test_users","",""
"","340","test_get_post_by_id_parametrized[10]","tests","2026-02-03","passed","2026-02-03","","test_posts","",""
"","337","test_get_post_by_id_parametrized[9]","tests","2026-02-03","passed","2026-02-03","","test_posts","",""
"","552","test_delete_todo_invalid_id","tests","2026-02-03","passed","2026-02-03","","test_todos","",""
"","366","test_get_user_by_id_parametrized[2]","tests","2026-02-03","passed","2026-02-03","","test_users","",""
"","358","test_get_user_invalid_id","tests","2026-02-03","passed","2026-02-03","","test_users","",""
"","543","test_delete_post","tests","2026-02-03","passed","2026-02-03","","test_posts","",""
"","2265","test_get_todos_by_userid_validations","tests","2026-02-03","passed","2026-02-03","","test_todos","",""
"","341","test_get_users_contract","tests","2026-02-03","passed","2026-02-03","","test_users","",""
"","588","test_get_posts_contract","tests","2026-02-03","passed","2026-02-03","","test_posts","",""
"","677","test_post_user_relationship","tests","2026-02-03","passed","2026-02-03","","test_posts","",""
"","583","test_create_user_invalid_email","tests","2026-02-03","passed","2026-02-03","","test_users","",""
"","674","test_post_count_per_user_and_orphan_posts","tests","2026-02-03","passed","2026-02-03","","test_posts","",""
"","358","test_get_user_by_id_parametrized[8]","tests","2026-02-03","passed","2026-02-03","","test_users","",""
"","531","test_create_todo","tests","2026-02-03","passed","2026-02-03","","test_todos","",""
"","559","test_patch_post","tests","2026-02-03","passed","2026-02-03","","test_posts","",""
"","552","test_patch_todo","tests","2026-02-03","passed","2026-02-03","","test_todos","",""
"","330","test_get_user_by_id_parametrized[1]","tests","2026-02-03","passed","2026-02-03","","test_users","",""
"","1003","test_update_todo_invalid_id","tests","2026-02-03","passed","2026-02-03","","test_todos","",""
"","350","test_get_post_by_id_parametrized[8]","tests","2026-02-03","passed","2026-02-03","","test_posts","",""
"","2062","test_get_albums_by_userid_validations","tests","2026-02-03","passed","2026-02-03","","test_albums","",""
"","4","test_db_insert_failure","tests","2026-01-29","passed","2026-01-29","","test_users","",""
"","879","test_create_post","tests","2026-02-03","passed","2026-02-03","","test_posts","",""
"","346","test_get_user_by_id_parametrized[9]","tests","2026-02-03","passed","2026-02-03","","test_users","",""
"","343","test_get_post_by_id_parametrized[7]","tests","2026-02-03","passed","2026-02-03","","test_posts","",""
"","534","test_delete_user","tests","2026-02-03","passed","2026-02-03","","test_users","",""
"","561","test_delete_post_negative","tests","2026-02-03","passed","2026-02-03","","test_posts","",""
"","358","test_get_user_by_id_parametrized[6]","tests","2026-02-03","passed","2026-02-03","","test_users","",""
"","1032","test_update_post","tests","2026-02-03","passed","2026-02-03","","test_posts","",""
"","798","test_album_user_relationship","tests","2026-02-03","passed","2026-02-03","","test_albums","",""
"","588","test_patch_todo_invalid_id","tests","2026-02-03","passed","2026-02-03","","test_todos","",""
"","352","test_get_user_non_numeric_id","tests","2026-02-03","passed","2026-02-03","","test_users","",""
"","684","test_todo_user_relationship","tests","2026-02-03","passed","2026-02-03","","test_todos","",""
